{
  "yamnet_detection": {
    "operation": "yamnet_detection",
    "count": 10,
    "mean_ms": 169.60708000406157,
    "median_ms": 13.066650004475378,
    "p95_ms": 872.1641049967712,
    "p99_ms": 1431.159540997178,
    "min_ms": 11.953200009884313,
    "max_ms": 1570.908399997279,
    "std_ms": 467.1041302354531
  },
  "input_normalization": {
    "operation": "input_normalization",
    "count": 10,
    "mean_ms": 0.6722999969497323,
    "median_ms": 0.6643999950028956,
    "p95_ms": 0.73545499908505,
    "p99_ms": 0.7621310031390749,
    "min_ms": 0.6285000126808882,
    "max_ms": 0.7688000041525811,
    "std_ms": 0.036884091538122644
  },
  "waveformer_separation": {
    "operation": "waveformer_separation",
    "count": 10,
    "mean_ms": 54.92782999353949,
    "median_ms": 9.21189998916816,
    "p95_ms": 259.58968498598506,
    "p99_ms": 421.8707369823824,
    "min_ms": 8.89689999166876,
    "max_ms": 462.4409999814816,
    "std_ms": 135.84091685750835
  },
  "aggressive_subtraction": {
    "operation": "aggressive_subtraction",
    "count": 10,
    "mean_ms": 0.6035699974745512,
    "median_ms": 0.5854499904671684,
    "p95_ms": 0.6967399996938184,
    "p99_ms": 0.7049479993293062,
    "min_ms": 0.443900004029274,
    "max_ms": 0.7069999992381781,
    "std_ms": 0.07354056404031373
  }
}